{
  "model_mode": "wall_only",
  "active_parameters": [
    "D_wall",
    "alpha_wall_deg",
    "phi_wall_deg",
    "A_Q",
    "A_R"
  ],
  "fixed_parameters": {
    "v_drift_kms": 0.0,
    "l_drift_deg": 0.0,
    "b_drift_deg": 0.0
  },
  "n_chains": 6,
  "samples_per_chain": 3000,
  "total_samples": 18000,
  "acceptance_rates": [
    0.546525,
    0.5436125,
    0.5455625,
    0.5421125,
    0.542425,
    0.5425125
  ],
  "waic": {
    "lppd": -2.0519170081184193,
    "p_waic": 2.830857659399882,
    "waic": 9.765549335036603
  },
  "waic_components": {
    "wagenveld_wall_amp": {
      "lppd": -0.3400197441917996,
      "p_waic": 0.4654596156295992,
      "waic": 1.6109587196427975
    },
    "wagenveld_wall_angle": {
      "lppd": -0.32882872155233933,
      "p_waic": 0.42918815009511035,
      "waic": 1.5160337432948994
    },
    "catwise_amp": {
      "lppd": -0.34500535856198944,
      "p_waic": 0.47821815477094254,
      "waic": 1.646447026665864
    },
    "catwise_dir": {
      "lppd": -0.6372161959940374,
      "p_waic": 0.6651378143428746,
      "waic": 2.604708020673824
    },
    "radio_ratio": {
      "lppd": -0.40084698781825345,
      "p_waic": 0.7928539245613556,
      "waic": 2.387401824759218
    }
  },
  "ll_component_stats": {
    "wagenveld_wall_amp": {
      "mean": -0.48606266389919833,
      "std": 0.682246008144862,
      "min": -7.526831070571892,
      "max": -8.718841630346081e-10
    },
    "wagenveld_wall_angle": {
      "mean": -0.46480929386980036,
      "std": 0.6551245302193396,
      "min": -6.63254434907597,
      "max": -1.5133261916451373e-09
    },
    "catwise_amp": {
      "mean": -0.4950654908188729,
      "std": 0.691533191373301,
      "min": -7.0232243880068195,
      "max": -6.03687106313247e-10
    },
    "catwise_dir": {
      "mean": -0.8481951811378984,
      "std": 0.8155598165327143,
      "min": -8.353897492853363,
      "max": -4.29859722233858e-05
    },
    "radio_ratio": {
      "mean": -0.6214298490323421,
      "std": 0.8904234523873209,
      "min": -9.36708787012943,
      "max": -3.357725902896181e-09
    }
  },
  "ll_total_stats": {
    "mean": -2.9155624787581123,
    "std": 1.6598972761217787,
    "min": -13.911705290460873,
    "max": -0.32261047157764455
  },
  "parameters": {
    "D_wall": {
      "mean": 0.008523418120262824,
      "std": 0.0013138046802770767,
      "median": 0.008518516016263744,
      "q16": 0.0072168657233417565,
      "q84": 0.009825792748841766,
      "R_hat": 1.0011149553333811,
      "ESS": 2334.2186763047075
    },
    "alpha_wall_deg": {
      "mean": 41.30345633305719,
      "std": 7.361363904673724,
      "median": 41.25685711550902,
      "q16": 33.87310054844729,
      "q84": 48.67318847783791,
      "R_hat": 1.0003672799728809,
      "ESS": 4655.166353789088
    },
    "phi_wall_deg": {
      "mean": 295.58643100542514,
      "std": 41.07407064777405,
      "median": 299.5521503746814,
      "q16": 273.78254340333876,
      "q84": 324.0943123050904,
      "R_hat": 1.0000294921598396,
      "ESS": 7313.652642378675
    },
    "A_Q": {
      "mean": 6.513717962604485,
      "std": 1.4195866017721555,
      "median": 6.533269487694492,
      "q16": 5.099868430140492,
      "q84": 7.922331891712666,
      "R_hat": 1.0009130425250354,
      "ESS": 2707.1727625401213
    },
    "A_R": {
      "mean": 2.702734484527243,
      "std": 0.7607040341788899,
      "median": 2.5795671745833415,
      "q16": 2.024961095836149,
      "q84": 3.3453388756309503,
      "R_hat": 1.0010572181548594,
      "ESS": 4444.134219183288
    }
  },
  "derived": {
    "beta_tot": {
      "mean": 0.001233586736861806,
      "median": 0.001233586736861806,
      "q16": 0.001233586736861806,
      "q84": 0.001233586736861806
    },
    "v_tot_kms": {
      "mean": 369.82000000000005,
      "median": 369.82,
      "q16": 369.82,
      "q84": 369.82
    },
    "D_kin_Q": {
      "mean": 0.008035236086327398,
      "median": 0.008059354588363852,
      "q16": 0.006291130055161551,
      "q84": 0.009772883546634047
    },
    "D_kin_R": {
      "mean": 0.003334057413371837,
      "median": 0.003182119853410093,
      "q16": 0.002497965150484622,
      "q84": 0.004126765667286527
    },
    "catwise_separation": {
      "mean": 11.741118920584716,
      "median": 11.154491274517575,
      "q16": 6.201218898796652,
      "q84": 17.033159171618532
    },
    "radio_ratio": {
      "mean": 3.4823997442408703,
      "median": 3.4884595766988786,
      "q16": 2.9738480932671,
      "q84": 3.9909622004164973
    },
    "alpha_wall_fraction_in_31_47": 0.7006111111111111
  },
  "convergence": {
    "R_hat": {
      "D_wall": 1.0011149553333811,
      "alpha_wall_deg": 1.0003672799728809,
      "phi_wall_deg": 1.0000294921598396,
      "A_Q": 1.0009130425250354,
      "A_R": 1.0010572181548594
    },
    "ESS": {
      "D_wall": 2334.2186763047075,
      "alpha_wall_deg": 4655.166353789088,
      "phi_wall_deg": 7313.652642378675,
      "A_Q": 2707.1727625401213,
      "A_R": 4444.134219183288
    }
  }
}