{
  "N_total": 1401166,
  "N_north_gal": 703275,
  "N_south_gal": 697891,
  "hemisphere_ratio": 1.0077146717753918,
  "l_min": 0.0005693977433441909,
  "l_max": 359.999962357641,
  "b_min": -89.90167066598352,
  "b_max": 89.97337773086511,
  "b_abs_max": 89.97337773086511
}