{
  "n_bins": 36,
  "bin_edges_deg": [
    -90.0,
    -85.0,
    -80.0,
    -75.0,
    -70.0,
    -65.0,
    -60.0,
    -55.0,
    -50.0,
    -45.0,
    -40.0,
    -35.0,
    -30.0,
    -25.0,
    -20.0,
    -15.0,
    -10.0,
    -5.0,
    0.0,
    5.0,
    10.0,
    15.0,
    20.0,
    25.0,
    30.0,
    35.0,
    40.0,
    45.0,
    50.0,
    55.0,
    60.0,
    65.0,
    70.0,
    75.0,
    80.0,
    85.0,
    90.0
  ],
  "bin_centers_deg": [
    -87.5,
    -82.5,
    -77.5,
    -72.5,
    -67.5,
    -62.5,
    -57.5,
    -52.5,
    -47.5,
    -42.5,
    -37.5,
    -32.5,
    -27.5,
    -22.5,
    -17.5,
    -12.5,
    -7.5,
    -2.5,
    2.5,
    7.5,
    12.5,
    17.5,
    22.5,
    27.5,
    32.5,
    37.5,
    42.5,
    47.5,
    52.5,
    57.5,
    62.5,
    67.5,
    72.5,
    77.5,
    82.5,
    87.5
  ],
  "counts_raw": [
    4022,
    8618,
    11825,
    16438,
    21109,
    24786,
    28044,
    31471,
    34279,
    36611,
    38458,
    39459,
    51747,
    59506,
    65899,
    69421,
    72857,
    74783,
    73469,
    71604,
    68630,
    66547,
    59349,
    50673,
    39935,
    38171,
    35918,
    33791,
    30676,
    27630,
    23998,
    20111,
    16086,
    11589,
    6958,
    2257
  ],
  "counts_floored": [
    8774.625,
    8774.625,
    11825.0,
    16438.0,
    21109.0,
    24786.0,
    28044.0,
    31471.0,
    34279.0,
    36611.0,
    38458.0,
    39459.0,
    51747.0,
    59506.0,
    65899.0,
    69421.0,
    72857.0,
    74783.0,
    73469.0,
    71604.0,
    68630.0,
    66547.0,
    59349.0,
    50673.0,
    39935.0,
    38171.0,
    35918.0,
    33791.0,
    30676.0,
    27630.0,
    23998.0,
    20111.0,
    16086.0,
    11589.0,
    8774.625,
    8774.625
  ],
  "floor_count": 8774.625,
  "median_count": 35098.5,
  "bin_weights": [
    4.0,
    4.0,
    2.9681606765327695,
    2.135205012775277,
    1.662726798995689,
    1.4160614863229242,
    1.251551133932392,
    1.115264847002002,
    1.0239067650748273,
    0.9586872797793013,
    0.9126449633366269,
    0.8894928913555843,
    0.6782712041277755,
    0.5898312775182335,
    0.5326105100229138,
    0.5055890868757292,
    0.48174506224522007,
    0.46933795113862775,
    0.4777321046972192,
    0.49017512988101225,
    0.5114162902520764,
    0.5274242264865433,
    0.5913915988474954,
    0.6926469717601089,
    0.8788906973832478,
    0.9195069555421655,
    0.9771841416559942,
    1.0386937350182002,
    1.1441680792802191,
    1.2703040173724214,
    1.462559379948329,
    1.7452389239719557,
    2.181928384930996,
    3.0286047113642245,
    4.0,
    4.0
  ],
  "weight_mean": 1.0,
  "weight_std": 0.6993505436527329,
  "weight_min": 0.5298783643351581,
  "weight_max": 4.5159643540409,
  "method": "inverse_count_per_bin",
  "notes": "Weights flatten beta distribution; floor prevents exploding weights"
}