{
  "model_mode": "full",
  "dir_like": "gaussian_angle",
  "active_parameters": [
    "v_drift_kms",
    "l_drift_deg",
    "b_drift_deg",
    "D_wall",
    "alpha_wall_deg",
    "phi_wall_deg",
    "A_Q",
    "A_R"
  ],
  "fixed_parameters": {},
  "n_chains": 6,
  "samples_per_chain": 10000,
  "total_samples": 60000,
  "acceptance_rates": [
    0.3998546666666667,
    0.39559866666666665,
    0.3993426666666667,
    0.39822266666666667,
    0.392032,
    0.39737733333333336
  ],
  "loglike_scores": {
    "mean_loglike": -3.0069262875390685,
    "log_mean_exp": -2.0819954152146014,
    "max_loglike": -0.027994981506802442
  },
  "ll_component_stats": {
    "wagenveld_wall_amp": {
      "mean": -0.5120332168182763,
      "std": 0.7177933720830081,
      "min": -8.227057297048498,
      "max": -8.666364596078903e-12
    },
    "wagenveld_wall_angle": {
      "mean": -0.4518760475371072,
      "std": 0.6441222215326626,
      "min": -8.906046748497104,
      "max": -8.320404707922734e-11
    },
    "catwise_amp": {
      "mean": -0.5064772668739059,
      "std": 0.7169424163558108,
      "min": -9.780356594765143,
      "max": -9.107855751709435e-10
    },
    "catwise_dir": {
      "mean": -0.9161615711187474,
      "std": 0.9149317513365397,
      "min": -11.97993165088573,
      "max": -1.1785118136373529e-05
    },
    "radio_ratio": {
      "mean": -0.6203781851910319,
      "std": 0.8919853757186803,
      "min": -12.006133050958613,
      "max": -3.759342332509412e-10
    }
  },
  "ll_total_stats": {
    "mean": -3.0069262875390685,
    "std": 1.7524929168725496,
    "min": -16.44595541986051,
    "max": -0.027994981506802442
  },
  "step_sizes": {
    "v_drift_kms": 154.55412790095787,
    "l_drift_deg": 15.455412790095787,
    "b_drift_deg": 9.273247674057473,
    "D_wall": 0.0012116901830860048,
    "alpha_wall_deg": 8.65492987918575,
    "phi_wall_deg": 27.695775613394392,
    "A_Q": 1.3544153728818182,
    "A_R": 1.3544153728818182
  },
  "parameters": {
    "v_drift_kms": {
      "mean": 267.9420104517316,
      "std": 278.2702410799984,
      "median": 205.92973244192243,
      "q16": 66.96646373684128,
      "q84": 383.7401204266617,
      "R_hat": 1.001058619335058,
      "ESS": 2678.2893243962703
    },
    "l_drift_deg": {
      "mean": 179.11547579334936,
      "std": 75.47559868130556,
      "median": 178.50230659314985,
      "q16": 100.21863479785323,
      "q84": 257.0490232565289,
      "R_hat": 1.001070449310818,
      "ESS": 3026.4371163002957
    },
    "b_drift_deg": {
      "mean": -18.74262312017505,
      "std": 37.857149031439,
      "median": -24.072431842746923,
      "q16": -57.403972182032064,
      "q84": 23.82250238841917,
      "R_hat": 1.0013069473804237,
      "ESS": 2744.9054535679543
    },
    "D_wall": {
      "mean": 0.008495632624145457,
      "std": 0.0013603841503926095,
      "median": 0.008497551871965926,
      "q16": 0.007147783426994102,
      "q84": 0.009848576377554392,
      "R_hat": 1.000090382848009,
      "ESS": 21540.39990072661
    },
    "alpha_wall_deg": {
      "mean": 39.958955833336965,
      "std": 7.54457008678816,
      "median": 39.91760820174185,
      "q16": 32.48701268653755,
      "q84": 47.41596738064425,
      "R_hat": 0.9999747620729871,
      "ESS": 40392.516793100884
    },
    "phi_wall_deg": {
      "mean": 264.01798292862935,
      "std": 85.05756939383211,
      "median": 291.45707734393017,
      "q16": 215.06965336124435,
      "q84": 323.7591690125697,
      "R_hat": 1.0002642842848644,
      "ESS": 10217.866922754163
    },
    "A_Q": {
      "mean": 8.494076782459944,
      "std": 6.98327629643291,
      "median": 6.652470187084623,
      "q16": 3.7358436938776487,
      "q84": 12.027906191228059,
      "R_hat": 1.0053109251009467,
      "ESS": 910.0673144838577
    },
    "A_R": {
      "mean": 3.1829928017030547,
      "std": 2.8026859672788613,
      "median": 2.5366818811843865,
      "q16": 1.4270884392260454,
      "q84": 4.449882721481531,
      "R_hat": 1.0035192846837688,
      "ESS": 1193.5159683085317
    }
  },
  "derived": {
    "beta_tot": {
      "mean": 0.0014689940544561784,
      "median": 0.0012336828667578442,
      "q16": 0.000763102766046177,
      "q84": 0.001989789893414855
    },
    "v_tot_kms": {
      "mean": 440.3933383728036,
      "median": 369.8488190178206,
      "q16": 228.77245393958236,
      "q84": 596.5240030503974
    },
    "D_kin_Q": {
      "mean": 0.00867577398113468,
      "median": 0.008479257877756389,
      "q16": 0.006110465768743523,
      "q84": 0.011222334426695978
    },
    "D_kin_R": {
      "mean": 0.003231569585281966,
      "median": 0.0030760096089357887,
      "q16": 0.002383059550292446,
      "q84": 0.004039944551654122
    },
    "catwise_separation": {
      "mean": 9.604302601932629,
      "median": 9.034543260735482,
      "q16": 4.533694643722943,
      "q84": 14.619710076780596
    },
    "radio_ratio": {
      "mean": 3.4797139444830645,
      "median": 3.482325550390569,
      "q16": 2.9732021985142705,
      "q84": 3.9897521382526087
    },
    "alpha_wall_fraction_in_31_47": 0.7096666666666667
  },
  "convergence": {
    "R_hat": {
      "v_drift_kms": 1.001058619335058,
      "l_drift_deg": 1.001070449310818,
      "b_drift_deg": 1.0013069473804237,
      "D_wall": 1.000090382848009,
      "alpha_wall_deg": 0.9999747620729871,
      "phi_wall_deg": 1.0002642842848644,
      "A_Q": 1.0053109251009467,
      "A_R": 1.0035192846837688
    },
    "ESS": {
      "v_drift_kms": 2678.2893243962703,
      "l_drift_deg": 3026.4371163002957,
      "b_drift_deg": 2744.9054535679543,
      "D_wall": 21540.39990072661,
      "alpha_wall_deg": 40392.516793100884,
      "phi_wall_deg": 10217.866922754163,
      "A_Q": 910.0673144838577,
      "A_R": 1193.5159683085317
    }
  },
  "constraints": {
    "source": "results/stage3/final/constraints.json",
    "values": {},
    "raw": {
      "catwise_dipole": {
        "amplitude": 0.0154,
        "amplitude_sigma": 0.0015,
        "l_deg": 238.2,
        "b_deg": 28.8,
        "direction_sigma_deg": 8.0,
        "N_sources": 1355352
      },
      "derived_sigma_qso": 0.0015,
      "derived_sigma_qso_dir_deg": 8.0,
      "validation": {
        "our_baseline_amplitude": 0.020985290289844055,
        "our_baseline_l_deg": 236.01115215597173,
        "our_baseline_b_deg": 28.774371321733305,
        "our_bootstrap_dir_sigma_deg": 5.4655045768310755,
        "separation_from_published_deg": 1.9184818846094198,
        "validation_passed": true
      },
      "source": {
        "catalog": "data/secrest/catwise_agns.fits",
        "cuts": {
          "b_cut": 30.0,
          "w1cov_min": 80.0,
          "w1_max": 16.4
        },
        "corrections": {
          "nvss_removal": "published",
          "ecliptic_correction": "published"
        },
        "reference": "Secrest et al. 2022, ApJL 937 L31"
      },
      "notes": [
        "Using published Secrest+22 values for amplitude (post-correction)",
        "Baseline direction validated within 2\u00b0 of published",
        "Direction sigma uses maximum of published (~8\u00b0) and bootstrap estimate"
      ]
    }
  }
}