{
  "input_meas_separation": {
    "mean": 45.67574671472686,
    "std": 18.627761159853904,
    "median": 47.97442971155515,
    "q16": 26.64567221343287,
    "q84": 64.04085681745023
  },
  "input_cmb_separation": {
    "mean": 24.573455081353632,
    "std": 10.303195895843558,
    "median": 23.795768851699453
  },
  "input_catwise_separation": {
    "mean": 27.095354430950664,
    "std": 9.283290795961326,
    "median": 27.208383435149536
  },
  "measured_cmb_separation": {
    "mean": 67.21883111180544,
    "std": 25.177994342145443,
    "median": 68.84032596477866
  },
  "measured_catwise_separation": {
    "mean": 56.40854419364412,
    "std": 20.964128305521907,
    "median": 57.450964007169624
  },
  "direction_scatter": {
    "l_std": 17.85977448083662,
    "b_std": 12.984957632405061,
    "l_mean": 261.8740283843045,
    "b_mean": 29.11780114016432,
    "l_range": [
      207.132629772951,
      301.3176823493205
    ],
    "b_range": [
      0.7175029096434178,
      64.87936049569352
    ]
  }
}