{
  "ns_asymmetry": {
    "mean": -0.005075935714285714,
    "std": 0.0022391458060531263,
    "median": -0.0049278571428571435,
    "q16": -0.0074853714285714286,
    "q84": -0.0029998857142857147
  },
  "dipole_contrast": {
    "mean": 0.0043345,
    "std": 0.0018893700534780347,
    "median": 0.004262142857142857,
    "q16": 0.002784114285714286,
    "q84": 0.006037828571428571
  },
  "observed_ns_asymmetry": 0.0
}