{
  "input_meas_separation": {
    "mean": 45.38799593588721,
    "std": 15.069575764780417,
    "median": 45.63313817734104,
    "q16": 30.66733376191011,
    "q84": 61.02369914112484
  },
  "input_cmb_separation": {
    "mean": 22.38596462469901,
    "std": 4.884680812011675,
    "median": 21.806617766587586
  },
  "input_catwise_separation": {
    "mean": 33.101961116528,
    "std": 6.390859647256368,
    "median": 32.97956237331735
  },
  "measured_cmb_separation": {
    "mean": 65.96188788474262,
    "std": 18.306971538689897,
    "median": 67.53843874905724
  },
  "measured_catwise_separation": {
    "mean": 59.46596844126454,
    "std": 14.662892796382856,
    "median": 59.63757309026876
  },
  "direction_scatter": {
    "l_std": 7.679763504315594,
    "b_std": 5.403296171141532,
    "l_mean": 275.7563134554292,
    "b_mean": 28.727121045378972,
    "l_range": [
      251.39392016514878,
      298.33876974821203
    ],
    "b_range": [
      15.993060669353826,
      42.83012318231771
    ]
  }
}