{
  "amplitude": {
    "observed": 0.0154,
    "sim_mean": 0.015351499199953324,
    "sim_std": 0.001401039196394711,
    "p_value": 0.46,
    "interpretation": "P(D_sim > D_obs)"
  },
  "cmb_separation": {
    "observed": 27.790333215363468,
    "sim_mean": 22.38596462469901,
    "sim_std": 4.884680812011675,
    "p_value": 0.155,
    "interpretation": "P(sep_sim > sep_obs)"
  },
  "direction_recovery": {
    "fraction_within_10deg": 0.0,
    "sim_catwise_sep_mean": 33.101961116528,
    "sim_catwise_sep_std": 6.390859647256368
  }
}