{
  "ns_asymmetry": {
    "mean": -0.0048811,
    "std": 0.0014199969654322274,
    "median": -0.004885714285714286,
    "q16": -0.006307257142857143,
    "q84": -0.0035268
  },
  "dipole_contrast": {
    "mean": 0.004291692857142857,
    "std": 0.0015243178606698614,
    "median": 0.004218571428571429,
    "q16": 0.0027388,
    "q84": 0.005815314285714286
  },
  "observed_ns_asymmetry": 0.0
}