{
  "separations_deg": {
    "ell1_ell2": 98.15857016356208,
    "ell1_ell3": 36.533149619466094,
    "ell2_ell3": 115.538022058171
  },
  "coherence_deg": 83.40991394706639
}