{
  "observed": {
    "axes": [
      {
        "ell": 1,
        "axis": {
          "l": 82.96875,
          "b": -30.69158768492234
        },
        "C_ell": 1.2445084754225292e-05,
        "fraction_of_total_power": 0.1016685996135408
      },
      {
        "ell": 2,
        "axis": {
          "l": 161.71875,
          "b": 33.51005606625301
        },
        "C_ell": 7.346048759707062e-05,
        "fraction_of_total_power": 0.6001264795232787
      },
      {
        "ell": 3,
        "axis": {
          "l": 85.64516129032256,
          "b": -67.18972162985978
        },
        "C_ell": 3.650277006249874e-05,
        "fraction_of_total_power": 0.29820492086318057
      }
    ],
    "coherence": 83.40991394706639
  },
  "distributions": {
    "ra_scramble": {
      "C1": [
        0.0001550657268631673,
        0.00018689748524366437,
        0.00017092652698861145,
        0.00015059940746471953,
        0.00017133302648877775,
        0.00012945105810506963,
        0.0001805469693136295,
        0.00016251154237219618,
        0.0001566633251240453,
        0.00013748932191340953,
        0.0001498889819399109,
        0.00016848811474045057,
        0.00012532339053517169,
        0.00015293474924799632,
        0.00015532093717020082,
        0.0001736102957003216,
        0.0001592846944931621,
        0.00013416995278977704,
        0.00015246144285942115,
        0.0001694620190607523,
        0.00015785482343625857,
        0.00012484547314895727,
        0.00014828113116017373,
        0.00015379844179569407,
        0.0001548332275752071,
        0.00015165584530573347,
        0.00018156460876619628,
        0.00014235964950917878,
        0.0001732525078047375,
        0.00016558587063870186,
        0.00013079215042636298,
        0.00013961356708963376,
        0.00014393148584557894,
        0.0001379262817646884,
        0.0001501658471892409,
        0.00020969622283054868,
        0.0001516542434919875,
        0.0001771008881239305,
        0.00017146877069774852,
        0.0001469175484744569,
        0.0001749334090309626,
        0.00016348324829595028,
        0.00010909115381500037,
        0.0001878892139293594,
        0.0001427294901630738,
        0.00014866609116005142,
        0.00015779035649300698,
        0.0001608892179411832,
        0.00018691923810444373,
        0.00015952039929199442
      ],
      "C2": [
        4.305094786536058e-05,
        4.85601361313409e-05,
        3.6591054531358124e-05,
        3.512351486418287e-05,
        3.4013037637654604e-05,
        3.949535065464481e-05,
        4.7517184616761236e-05,
        3.934947124506242e-05,
        3.732708482060161e-05,
        3.6297225412146666e-05,
        4.575557252554095e-05,
        4.271088682603352e-05,
        4.103267789651789e-05,
        4.24455053730859e-05,
        6.418411632946817e-05,
        3.759018156486862e-05,
        4.1263223609063904e-05,
        4.774608212534862e-05,
        4.360741346213032e-05,
        4.2415612861086187e-05,
        3.7256770891734274e-05,
        4.984265182055248e-05,
        4.322887949675248e-05,
        5.387538681242513e-05,
        3.551861698430064e-05,
        4.909874406821993e-05,
        4.849106879589995e-05,
        4.689303957665645e-05,
        5.507450936826744e-05,
        4.186015771267135e-05,
        4.052247451004208e-05,
        4.067474509656781e-05,
        3.434625617856112e-05,
        3.944241800842996e-05,
        3.8995824110734395e-05,
        4.484569520309599e-05,
        3.80423234437843e-05,
        4.2845030248851486e-05,
        4.514031738829708e-05,
        4.3769569910205265e-05,
        4.378780784214923e-05,
        4.865635161433365e-05,
        4.456616160293014e-05,
        4.138447932548562e-05,
        4.042499191663224e-05,
        4.505462969857776e-05,
        4.5286530577911935e-05,
        3.912396286052007e-05,
        3.7614889684863795e-05,
        4.675287115744277e-05
      ],
      "C3": [
        0.00011648721663755907,
        0.00011820453146540908,
        0.00011762119053045124,
        0.00010268124548867621,
        0.00011690662485092096,
        9.044786965278515e-05,
        0.00012596727497165677,
        9.430859022402172e-05,
        0.00010340239897744768,
        9.629555139254786e-05,
        0.00010670957493118258,
        0.00011505958137013824,
        9.94747106720169e-05,
        0.00012621148083938856,
        0.00010697866579636947,
        0.00011311236995328865,
        0.00010928454342636018,
        8.412398138270697e-05,
        0.00011668884557789072,
        9.199404533302912e-05,
        7.594083340591075e-05,
        8.817326709041119e-05,
        0.00011237164997696008,
        0.0001091717404519001,
        9.696076934922644e-05,
        0.00011065007423251379,
        0.0001187316771879362,
        0.0001185911567491626,
        0.00010789020081575808,
        0.00012084069910264194,
        8.717962212484078e-05,
        0.00012687192846175445,
        0.00010809001048339504,
        9.155126701565074e-05,
        9.545017315420307e-05,
        0.00012688453240350332,
        9.875796233642745e-05,
        0.00011223129397443947,
        0.00011122752920628129,
        0.00010525223532460248,
        0.00010462529895324581,
        0.0001246315944096877,
        7.950143039837704e-05,
        0.00011563654236456369,
        0.00010075644167166187,
        0.00010958030385280607,
        0.00011375346519149482,
        0.00011448044895609519,
        0.0001373282302312295,
        0.00010844573738742973
      ],
      "coherence": [
        94.7503441726061,
        92.32573825432416,
        94.33853535738922,
        93.43619014515309,
        96.67871715721662,
        95.83379956768113,
        93.76910535196987,
        94.53750339891155,
        92.20328441465028,
        95.13222532579731,
        37.135539552542916,
        92.30632817455803,
        93.6658568171515,
        92.2538914958116,
        87.56847664849613,
        94.84040557992337,
        91.71604955315858,
        90.49366948295157,
        96.33239022064747,
        95.95662914225761,
        27.630233978983398,
        87.95101679063536,
        90.50422055631675,
        91.0785406396738,
        90.21685178587525,
        93.03047293262823,
        93.27722841474296,
        92.49845483769263,
        90.66453086006054,
        93.35370796913567,
        93.4047581853353,
        90.86638334269662,
        93.11137251285844,
        91.15240477233169,
        32.44432246291178,
        31.22032089167686,
        90.72519515499069,
        93.80909642174664,
        33.4841310831398,
        90.33132339049864,
        29.74586112286737,
        91.21300375123168,
        32.37592241478945,
        92.60667831311667,
        38.17428864399533,
        89.09131369649303,
        36.11426462684145,
        92.16733026893273,
        95.41988914156042,
        95.8407470465421
      ]
    },