{
  "N_sources": 1401166,
  "amplitude": 0.020985290289844055,
  "l_deg": 236.01115215597173,
  "b_deg": 28.774371321733305,
  "bootstrap": {
    "amplitude_q16": 0.01975705387217155,
    "amplitude_q50": 0.021127815596589293,
    "amplitude_q84": 0.02232827937535297,
    "amplitude_std": 0.0013441824174872657,
    "l_median": 237.0531697396673,
    "b_median": 28.467557438159663,
    "direction_sigma_deg": 5.4655045768310755
  },
  "separation_from_published_deg": 1.9184818846094198,
  "cuts": {
    "b_cut": 30.0,
    "w1cov_min": 80.0,
    "w1_max": 16.4
  }
}